{
    "words": {
        "0": "\u003cpad\u003e",
        "1": "\u003csos\u003e",
        "2": "\u003ceos\u003e",
        "3": "\u003cunk\u003e",
        "4": "+",
        "5": "-",
        "6": 0,
        "7": 1,
        "8": 2,
        "9": 3,
        "10": 4,
        "11": 5,
        "12": 6,
        "13": 7,
        "14": 8,
        "15": 9,
        "16": "goal",
        "17": "1",
        "18": "7",
        "19": "",
        "20": "initialNode",
        "21": "3",
        "22": "goalAction",
        "23": "goalTag",
        "24": "goalSlot",
        "25": "occupiedNodes",
        "26": "9",
        "27": "moveToNode",
        "28": "moveTo",
        "29": "pick",
        "30": "stop",
        "31": "initialTag",
        "32": "place"
    }
}