{
    "nodes": [
        {
            "id": 1,
            "connected": [
                2,
                16
            ],
            "coordinates": [
                8.99,
                -8.91,
                0
            ]
        },
        {
            "id": 2,
            "connected": [
                1,
                3,
                15
            ],
            "coordinates": [
                3.47,
                -8.81,
                0
            ]
        },
        {
            "id": 3,
            "connected": [
                2,
                4,
                14
            ],
            "coordinates": [
                -3.74,
                -8.85,
                0
            ]
        },
        {
            "id": 4,
            "connected": [
                3,
                5
            ],
            "coordinates": [
                -8.64,
                -8.84,
                0
            ]
        },
        {
            "id": 5,
            "connected": [
                4,
                6,
                14
            ],
            "coordinates": [
                -8.54,
                -0.23,
                0
            ]
        },
        {
            "id": 6,
            "connected": [
                5,
                7,
                13
            ],
            "coordinates": [
                -8.48,
                8.28,
                0
            ]
        },
        {
            "id": 7,
            "connected": [
                6,
                8
            ],
            "coordinates": [
                -8.47,
                12.21,
                0
            ]
        },
        {
            "id": 8,
            "connected": [
                7,
                9,
                12
            ],
            "coordinates": [
                -0.01,
                12.19,
                0
            ]
        },
        {
            "id": 9,
            "connected": [
                8,
                10
            ],
            "coordinates": [
                8.02,
                12.21,
                0
            ]
        },
        {
            "id": 10,
            "connected": [
                9,
                11,
                16
            ],
            "coordinates": [
                8.54,
                8.29,
                0.00
            ]
        },
        {
            "id": 11,
            "connected": [
                10,
                12,
                15
            ],
            "coordinates": [
                3.53,
                8.18,
                0
            ]
        },
        {
            "id": 12,
            "connected": [
                11,
                13,
                8
            ],
            "coordinates": [
                -0.01,
                8.71,
                0
            ]
        },
        {
            "id": 13,
            "connected": [
                6,
                12,
                14
            ],
            "coordinates": [
                -3.49,
                8.20,
                0.00
            ]
        },
        {
            "id": 14,
            "connected": [
                3,
                5,
                13,
                15
            ],
            "coordinates": [
                -3.49,
                -0.26,
                0.00
            ]
        },
        {
            "id": 15,
            "connected": [
                2,
                11,
                14,
                16
            ],
            "coordinates": [
                3.48,
                -0.25,
                -0.00
            ]
        },
        {
            "id": 16,
            "connected": [
                1,
                10,
                15
            ],
            "coordinates": [
                9.03,
                -0.23,
                0
            ]
        }
    ]
}
