[{"id":0,"name":"goal","value":"","l":[{"id":1,"name":"initialNode","value":9.0,"l":[],"type":1},{"id":2,"name":"goalAction","value":2.0,"l":[],"type":1},{"id":3,"name":"goalTag","value":126.0,"l":[],"type":1},{"id":4,"name":"goalSlot","value":3.0,"l":[],"type":1},{"id":5,"name":"occupiedNodes","value":[8.0],"l":[],"type":1}],"type":1},{"id":0,"name":"goal","value":"","l":[{"id":1,"name":"initialNode","value":9.0,"l":[],"type":1},{"id":2,"name":"goalAction","value":2.0,"l":[],"type":1},{"id":3,"name":"goalTag","value":126.0,"l":[],"type":1},{"id":4,"name":"goalSlot","value":3.0,"l":[],"type":1},{"id":5,"name":"occupiedNodes","value":[10.0,11.0,12.0],"l":[],"type":1}],"type":1},{"id":0,"name":"goal","value":"","l":[{"id":1,"name":"initialNode","value":9.0,"l":[],"type":1},{"id":2,"name":"goalAction","value":2.0,"l":[],"type":1},{"id":3,"name":"goalTag","value":126.0,"l":[],"type":1},{"id":4,"name":"goalSlot","value":3.0,"l":[],"type":1},{"id":5,"name":"occupiedNodes","value":[10.0],"l":[],"type":1}],"type":1},{"id":0,"name":"goal","value":"","l":[{"id":1,"name":"initialTag","value":126.0,"l":[],"type":1},{"id":2,"name":"goalAction","value":3.0,"l":[],"type":1},{"id":3,"name":"goalTag","value":69.0,"l":[],"type":1},{"id":4,"name":"goalSlot","value":4.0,"l":[],"type":1}],"type":1},{"id":0,"name":"goal","value":"","l":[{"id":1,"name":"initialNode","value":1.0,"l":[],"type":1},{"id":2,"name":"goalAction","value":2.0,"l":[],"type":1},{"id":3,"name":"goalTag","value":133.0,"l":[],"type":1},{"id":4,"name":"goalSlot","value":1.0,"l":[],"type":1}],"type":1},{"id":0,"name":"goal","value":"","l":[{"id":1,"name":"initialNode","value":1.0,"l":[],"type":1},{"id":2,"name":"goalAction","value":2.0,"l":[],"type":1},{"id":3,"name":"goalTag","value":133.0,"l":[],"type":1},{"id":4,"name":"goalSlot","value":1.0,"l":[],"type":1},{"id":5,"name":"occupiedNodes","value":[10.0],"l":[],"type":1}],"type":1},{"id":0,"name":"goal","value":"","l":[{"id":1,"name":"initialNode","value":1.0,"l":[],"type":1},{"id":2,"name":"goalAction","value":2.0,"l":[],"type":1},{"id":3,"name":"goalTag","value":133.0,"l":[],"type":1},{"id":4,"name":"goalSlot","value":1.0,"l":[],"type":1},{"id":5,"name":"occupiedNodes","value":[2.0,3.0,14.0],"l":[],"type":1}],"type":1},{"id":0,"name":"goal","value":"","l":[{"id":1,"name":"initialNode","value":1.0,"l":[],"type":1},{"id":2,"name":"goalAction","value":2.0,"l":[],"type":1},{"id":3,"name":"goalTag","value":133.0,"l":[],"type":1},{"id":4,"name":"goalSlot","value":1.0,"l":[],"type":1},{"id":5,"name":"occupiedNodes","value":[16.0],"l":[],"type":1}],"type":1},{"id":0,"name":"goal","value":"","l":[{"id":1,"name":"initialTag","value":133.0,"l":[],"type":1},{"id":2,"name":"goalAction","value":3.0,"l":[],"type":1},{"id":3,"name":"goalTag","value":92.0,"l":[],"type":1},{"id":4,"name":"goalSlot","value":1.0,"l":[],"type":1}],"type":1},{"id":0,"name":"goal","value":"","l":[{"id":1,"name":"initialTag","value":133.0,"l":[],"type":1},{"id":2,"name":"goalAction","value":3.0,"l":[],"type":1},{"id":3,"name":"goalTag","value":92.0,"l":[],"type":1},{"id":4,"name":"goalSlot","value":1.0,"l":[],"type":1},{"id":5,"name":"occupiedNodes","value":[8.0],"l":[],"type":1}],"type":1},{"id":0,"name":"goal","value":"","l":[{"id":1,"name":"initialTag","value":133.0,"l":[],"type":1},{"id":2,"name":"goalAction","value":3.0,"l":[],"type":1},{"id":3,"name":"goalTag","value":92.0,"l":[],"type":1},{"id":4,"name":"goalSlot","value":1.0,"l":[],"type":1},{"id":5,"name":"occupiedNodes","value":[10.0,11.0,16.0],"l":[],"type":1}],"type":1},{"id":0,"name":"goal","value":"","l":[{"id":1,"name":"initialTag","value":133.0,"l":[],"type":1},{"id":2,"name":"goalAction","value":3.0,"l":[],"type":1},{"id":3,"name":"goalTag","value":92.0,"l":[],"type":1},{"id":4,"name":"goalSlot","value":1.0,"l":[],"type":1},{"id":5,"name":"occupiedNodes","value":[16.0],"l":[],"type":1}],"type":1},{"id":0,"name":"goal","value":"","l":[{"id":1,"name":"initialNode","value":10.0,"l":[],"type":1},{"id":2,"name":"goalAction","value":2.0,"l":[],"type":1},{"id":3,"name":"goalTag","value":133.0,"l":[],"type":1},{"id":4,"name":"goalSlot","value":1.0,"l":[],"type":1}],"type":1},{"id":0,"name":"goal","value":"","l":[{"id":1,"name":"initialNode","value":10.0,"l":[],"type":1},{"id":2,"name":"goalAction","value":2.0,"l":[],"type":1},{"id":3,"name":"goalTag","value":133.0,"l":[],"type":1},{"id":4,"name":"goalSlot","value":1.0,"l":[],"type":1},{"id":5,"name":"occupiedNodes","value":[9.0],"l":[],"type":1}],"type":1},{"id":0,"name":"goal","value":"","l":[{"id":1,"name":"initialNode","value":10.0,"l":[],"type":1},{"id":2,"name":"goalAction","value":2.0,"l":[],"type":1},{"id":3,"name":"goalTag","value":133.0,"l":[],"type":1},{"id":4,"name":"goalSlot","value":1.0,"l":[],"type":1},{"id":5,"name":"occupiedNodes","value":[8.0,9.0,12.0],"l":[],"type":1}],"type":1},{"id":0,"name":"goal","value":"","l":[{"id":1,"name":"initialNode","value":10.0,"l":[],"type":1},{"id":2,"name":"goalAction","value":2.0,"l":[],"type":1},{"id":3,"name":"goalTag","value":133.0,"l":[],"type":1},{"id":4,"name":"goalSlot","value":1.0,"l":[],"type":1},{"id":5,"name":"occupiedNodes","value":[11.0,16.0],"l":[],"type":1}],"type":1},{"id":0,"name":"goal","value":"","l":[{"id":1,"name":"initialNode","value":10.0,"l":[],"type":1},{"id":2,"name":"goalAction","value":2.0,"l":[],"type":1},{"id":3,"name":"goalTag","value":133.0,"l":[],"type":1},{"id":4,"name":"goalSlot","value":1.0,"l":[],"type":1},{"id":5,"name":"occupiedNodes","value":[9.0,11.0,12.0],"l":[],"type":1}],"type":1},{"id":0,"name":"goal","value":"","l":[{"id":1,"name":"initialTag","value":133.0,"l":[],"type":1},{"id":2,"name":"goalAction","value":3.0,"l":[],"type":1},{"id":3,"name":"goalTag","value":92.0,"l":[],"type":1},{"id":4,"name":"goalSlot","value":1.0,"l":[],"type":1}],"type":1},{"id":0,"name":"goal","value":"","l":[{"id":1,"name":"initialTag","value":133.0,"l":[],"type":1},{"id":2,"name":"goalAction","value":3.0,"l":[],"type":1},{"id":3,"name":"goalTag","value":92.0,"l":[],"type":1},{"id":4,"name":"goalSlot","value":1.0,"l":[],"type":1},{"id":5,"name":"occupiedNodes","value":[8.0],"l":[],"type":1}],"type":1},{"id":0,"name":"goal","value":"","l":[{"id":1,"name":"initialTag","value":133.0,"l":[],"type":1},{"id":2,"name":"goalAction","value":3.0,"l":[],"type":1},{"id":3,"name":"goalTag","value":92.0,"l":[],"type":1},{"id":4,"name":"goalSlot","value":1.0,"l":[],"type":1},{"id":5,"name":"occupiedNodes","value":[8.0,9.0,9.0],"l":[],"type":1}],"type":1},{"id":0,"name":"goal","value":"","l":[{"id":1,"name":"initialTag","value":133.0,"l":[],"type":1},{"id":2,"name":"goalAction","value":3.0,"l":[],"type":1},{"id":3,"name":"goalTag","value":92.0,"l":[],"type":1},{"id":4,"name":"goalSlot","value":1.0,"l":[],"type":1},{"id":5,"name":"occupiedNodes","value":[11.0,16.0],"l":[],"type":1}],"type":1},{"id":0,"name":"goal","value":"","l":[{"id":1,"name":"initialTag","value":133.0,"l":[],"type":1},{"id":2,"name":"goalAction","value":3.0,"l":[],"type":1},{"id":3,"name":"goalTag","value":92.0,"l":[],"type":1},{"id":4,"name":"goalSlot","value":1.0,"l":[],"type":1},{"id":5,"name":"occupiedNodes","value":[9.0,11.0,12.0],"l":[],"type":1}],"type":1},{"id":0,"name":"goal","value":"","l":[{"id":1,"name":"initialNode","value":11.0,"l":[],"type":1},{"id":2,"name":"goalAction","value":2.0,"l":[],"type":1},{"id":3,"name":"goalTag","value":133.0,"l":[],"type":1},{"id":4,"name":"goalSlot","value":1.0,"l":[],"type":1}],"type":1},{"id":0,"name":"goal","value":"","l":[{"id":1,"name":"initialNode","value":11.0,"l":[],"type":1},{"id":2,"name":"goalAction","value":2.0,"l":[],"type":1},{"id":3,"name":"goalTag","value":133.0,"l":[],"type":1},{"id":4,"name":"goalSlot","value":1.0,"l":[],"type":1},{"id":5,"name":"occupiedNodes","value":[11.0],"l":[],"type":1}],"type":1},{"id":0,"name":"goal","value":"","l":[{"id":1,"name":"initialNode","value":11.0,"l":[],"type":1},{"id":2,"name":"goalAction","value":2.0,"l":[],"type":1},{"id":3,"name":"goalTag","value":133.0,"l":[],"type":1},{"id":4,"name":"goalSlot","value":1.0,"l":[],"type":1},{"id":5,"name":"occupiedNodes","value":[1.0,15.0,16.0],"l":[],"type":1}],"type":1},{"id":0,"name":"goal","value":"","l":[{"id":1,"name":"initialNode","value":11.0,"l":[],"type":1},{"id":2,"name":"goalAction","value":2.0,"l":[],"type":1},{"id":3,"name":"goalTag","value":133.0,"l":[],"type":1},{"id":4,"name":"goalSlot","value":1.0,"l":[],"type":1},{"id":5,"name":"occupiedNodes","value":[10.0,12.0],"l":[],"type":1}],"type":1},{"id":0,"name":"goal","value":"","l":[{"id":1,"name":"initialNode","value":11.0,"l":[],"type":1},{"id":2,"name":"goalAction","value":2.0,"l":[],"type":1},{"id":3,"name":"goalTag","value":133.0,"l":[],"type":1},{"id":4,"name":"goalSlot","value":1.0,"l":[],"type":1},{"id":5,"name":"occupiedNodes","value":[8.0,10.0,12.0],"l":[],"type":1}],"type":1},{"id":0,"name":"goal","value":"","l":[{"id":1,"name":"initialTag","value":133.0,"l":[],"type":1},{"id":2,"name":"goalAction","value":3.0,"l":[],"type":1},{"id":3,"name":"goalTag","value":92.0,"l":[],"type":1},{"id":4,"name":"goalSlot","value":1.0,"l":[],"type":1}],"type":1},{"id":0,"name":"goal","value":"","l":[{"id":1,"name":"initialTag","value":133.0,"l":[],"type":1},{"id":2,"name":"goalAction","value":3.0,"l":[],"type":1},{"id":3,"name":"goalTag","value":92.0,"l":[],"type":1},{"id":4,"name":"goalSlot","value":1.0,"l":[],"type":1},{"id":5,"name":"occupiedNodes","value":[8.0],"l":[],"type":1}],"type":1},{"id":0,"name":"goal","value":"","l":[{"id":1,"name":"initialTag","value":133.0,"l":[],"type":1},{"id":2,"name":"goalAction","value":3.0,"l":[],"type":1},{"id":3,"name":"goalTag","value":92.0,"l":[],"type":1},{"id":4,"name":"goalSlot","value":1.0,"l":[],"type":1},{"id":5,"name":"occupiedNodes","value":[12.0,13.0,14.0],"l":[],"type":1}],"type":1},{"id":0,"name":"goal","value":"","l":[{"id":1,"name":"initialTag","value":133.0,"l":[],"type":1},{"id":2,"name":"goalAction","value":3.0,"l":[],"type":1},{"id":3,"name":"goalTag","value":92.0,"l":[],"type":1},{"id":4,"name":"goalSlot","value":1.0,"l":[],"type":1},{"id":5,"name":"occupiedNodes","value":[12.0,15.0],"l":[],"type":1}],"type":1},{"id":0,"name":"goal","value":"","l":[{"id":1,"name":"initialTag","value":133.0,"l":[],"type":1},{"id":2,"name":"goalAction","value":3.0,"l":[],"type":1},{"id":3,"name":"goalTag","value":92.0,"l":[],"type":1},{"id":4,"name":"goalSlot","value":1.0,"l":[],"type":1},{"id":5,"name":"occupiedNodes","value":[8.0,10.0,12.0],"l":[],"type":1}],"type":1},{"id":0,"name":"goal","value":"","l":[{"id":1,"name":"initialNode","value":12.0,"l":[],"type":1},{"id":2,"name":"goalAction","value":2.0,"l":[],"type":1},{"id":3,"name":"goalTag","value":133.0,"l":[],"type":1},{"id":4,"name":"goalSlot","value":1.0,"l":[],"type":1}],"type":1},{"id":0,"name":"goal","value":"","l":[{"id":1,"name":"initialTag","value":133.0,"l":[],"type":1},{"id":2,"name":"goalAction","value":3.0,"l":[],"type":1},{"id":3,"name":"goalTag","value":92.0,"l":[],"type":1},{"id":4,"name":"goalSlot","value":1.0,"l":[],"type":1}],"type":1},{"id":0,"name":"goal","value":"","l":[{"id":1,"name":"initialTag","value":133.0,"l":[],"type":1},{"id":2,"name":"goalAction","value":3.0,"l":[],"type":1},{"id":3,"name":"goalTag","value":92.0,"l":[],"type":1},{"id":4,"name":"goalSlot","value":1.0,"l":[],"type":1},{"id":5,"name":"occupiedNodes","value":[8.0],"l":[],"type":1}],"type":1},{"id":0,"name":"goal","value":"","l":[{"id":1,"name":"initialTag","value":133.0,"l":[],"type":1},{"id":2,"name":"goalAction","value":3.0,"l":[],"type":1},{"id":3,"name":"goalTag","value":92.0,"l":[],"type":1},{"id":4,"name":"goalSlot","value":1.0,"l":[],"type":1},{"id":5,"name":"occupiedNodes","value":[8.0,9.0,10.0],"l":[],"type":1}],"type":1},{"id":0,"name":"goal","value":"","l":[{"id":1,"name":"initialTag","value":133.0,"l":[],"type":1},{"id":2,"name":"goalAction","value":3.0,"l":[],"type":1},{"id":3,"name":"goalTag","value":92.0,"l":[],"type":1},{"id":4,"name":"goalSlot","value":1.0,"l":[],"type":1},{"id":5,"name":"occupiedNodes","value":[11.0,13.0],"l":[],"type":1}],"type":1},{"id":0,"name":"goal","value":"","l":[{"id":1,"name":"initialTag","value":133.0,"l":[],"type":1},{"id":2,"name":"goalAction","value":3.0,"l":[],"type":1},{"id":3,"name":"goalTag","value":92.0,"l":[],"type":1},{"id":4,"name":"goalSlot","value":1.0,"l":[],"type":1},{"id":5,"name":"occupiedNodes","value":[10.0,11.0,13.0],"l":[],"type":1}],"type":1},{"id":0,"name":"goal","value":"","l":[{"id":1,"name":"initialNode","value":13.0,"l":[],"type":1},{"id":2,"name":"goalAction","value":2.0,"l":[],"type":1},{"id":3,"name":"goalTag","value":133.0,"l":[],"type":1},{"id":4,"name":"goalSlot","value":1.0,"l":[],"type":1}],"type":1},{"id":0,"name":"goal","value":"","l":[{"id":1,"name":"initialNode","value":13.0,"l":[],"type":1},{"id":2,"name":"goalAction","value":2.0,"l":[],"type":1},{"id":3,"name":"goalTag","value":133.0,"l":[],"type":1},{"id":4,"name":"goalSlot","value":1.0,"l":[],"type":1},{"id":5,"name":"occupiedNodes","value":[12.0],"l":[],"type":1}],"type":1},{"id":0,"name":"goal","value":"","l":[{"id":1,"name":"initialNode","value":13.0,"l":[],"type":1},{"id":2,"name":"goalAction","value":2.0,"l":[],"type":1},{"id":3,"name":"goalTag","value":133.0,"l":[],"type":1},{"id":4,"name":"goalSlot","value":1.0,"l":[],"type":1},{"id":5,"name":"occupiedNodes","value":[6.0,6.0,7.0],"l":[],"type":1}],"type":1},{"id":0,"name":"goal","value":"","l":[{"id":1,"name":"initialNode","value":13.0,"l":[],"type":1},{"id":2,"name":"goalAction","value":2.0,"l":[],"type":1},{"id":3,"name":"goalTag","value":133.0,"l":[],"type":1},{"id":4,"name":"goalSlot","value":1.0,"l":[],"type":1},{"id":5,"name":"occupiedNodes","value":[12.0,14.0],"l":[],"type":1}],"type":1},{"id":0,"name":"goal","value":"","l":[{"id":1,"name":"initialNode","value":13.0,"l":[],"type":1},{"id":2,"name":"goalAction","value":2.0,"l":[],"type":1},{"id":3,"name":"goalTag","value":133.0,"l":[],"type":1},{"id":4,"name":"goalSlot","value":1.0,"l":[],"type":1},{"id":5,"name":"occupiedNodes","value":[6.0,7.0,12.0],"l":[],"type":1}],"type":1},{"id":0,"name":"goal","value":"","l":[{"id":1,"name":"initialTag","value":133.0,"l":[],"type":1},{"id":2,"name":"goalAction","value":3.0,"l":[],"type":1},{"id":3,"name":"goalTag","value":92.0,"l":[],"type":1},{"id":4,"name":"goalSlot","value":1.0,"l":[],"type":1}],"type":1},{"id":0,"name":"goal","value":"","l":[{"id":1,"name":"initialTag","value":133.0,"l":[],"type":1},{"id":2,"name":"goalAction","value":3.0,"l":[],"type":1},{"id":3,"name":"goalTag","value":92.0,"l":[],"type":1},{"id":4,"name":"goalSlot","value":1.0,"l":[],"type":1},{"id":5,"name":"occupiedNodes","value":[8.0],"l":[],"type":1}],"type":1},{"id":0,"name":"goal","value":"","l":[{"id":1,"name":"initialTag","value":133.0,"l":[],"type":1},{"id":2,"name":"goalAction","value":3.0,"l":[],"type":1},{"id":3,"name":"goalTag","value":92.0,"l":[],"type":1},{"id":4,"name":"goalSlot","value":1.0,"l":[],"type":1},{"id":5,"name":"occupiedNodes","value":[8.0,9.0,12.0],"l":[],"type":1}],"type":1},{"id":0,"name":"goal","value":"","l":[{"id":1,"name":"initialTag","value":133.0,"l":[],"type":1},{"id":2,"name":"goalAction","value":3.0,"l":[],"type":1},{"id":3,"name":"goalTag","value":92.0,"l":[],"type":1},{"id":4,"name":"goalSlot","value":1.0,"l":[],"type":1},{"id":5,"name":"occupiedNodes","value":[6.0,12.0],"l":[],"type":1}],"type":1},{"id":0,"name":"goal","value":"","l":[{"id":1,"name":"initialTag","value":133.0,"l":[],"type":1},{"id":2,"name":"goalAction","value":3.0,"l":[],"type":1},{"id":3,"name":"goalTag","value":92.0,"l":[],"type":1},{"id":4,"name":"goalSlot","value":1.0,"l":[],"type":1},{"id":5,"name":"occupiedNodes","value":[6.0,7.0,12.0],"l":[],"type":1}],"type":1},{"id":0,"name":"goal","value":"","l":[{"id":1,"name":"initialNode","value":14.0,"l":[],"type":1},{"id":2,"name":"goalAction","value":2.0,"l":[],"type":1},{"id":3,"name":"goalTag","value":133.0,"l":[],"type":1},{"id":4,"name":"goalSlot","value":1.0,"l":[],"type":1}],"type":1},{"id":0,"name":"goal","value":"","l":[{"id":1,"name":"initialNode","value":14.0,"l":[],"type":1},{"id":2,"name":"goalAction","value":2.0,"l":[],"type":1},{"id":3,"name":"goalTag","value":133.0,"l":[],"type":1},{"id":4,"name":"goalSlot","value":1.0,"l":[],"type":1},{"id":5,"name":"occupiedNodes","value":[13.0],"l":[],"type":1}],"type":1},{"id":0,"name":"goal","value":"","l":[{"id":1,"name":"initialNode","value":14.0,"l":[],"type":1},{"id":2,"name":"goalAction","value":2.0,"l":[],"type":1},{"id":3,"name":"goalTag","value":133.0,"l":[],"type":1},{"id":4,"name":"goalSlot","value":1.0,"l":[],"type":1},{"id":5,"name":"occupiedNodes","value":[10.0,11.0,15.0],"l":[],"type":1}],"type":1},{"id":0,"name":"goal","value":"","l":[{"id":1,"name":"initialNode","value":14.0,"l":[],"type":1},{"id":2,"name":"goalAction","value":2.0,"l":[],"type":1},{"id":3,"name":"goalTag","value":133.0,"l":[],"type":1},{"id":4,"name":"goalSlot","value":1.0,"l":[],"type":1},{"id":5,"name":"occupiedNodes","value":[3.0,13.0,15.0],"l":[],"type":1}],"type":1},{"id":0,"name":"goal","value":"","l":[{"id":1,"name":"initialNode","value":14.0,"l":[],"type":1},{"id":2,"name":"goalAction","value":2.0,"l":[],"type":1},{"id":3,"name":"goalTag","value":133.0,"l":[],"type":1},{"id":4,"name":"goalSlot","value":1.0,"l":[],"type":1},{"id":5,"name":"occupiedNodes","value":[3.0,4.0,5.0],"l":[],"type":1}],"type":1},{"id":0,"name":"goal","value":"","l":[{"id":1,"name":"initialTag","value":133.0,"l":[],"type":1},{"id":2,"name":"goalAction","value":3.0,"l":[],"type":1},{"id":3,"name":"goalTag","value":92.0,"l":[],"type":1},{"id":4,"name":"goalSlot","value":1.0,"l":[],"type":1}],"type":1},{"id":0,"name":"goal","value":"","l":[{"id":1,"name":"initialTag","value":133.0,"l":[],"type":1},{"id":2,"name":"goalAction","value":3.0,"l":[],"type":1},{"id":3,"name":"goalTag","value":92.0,"l":[],"type":1},{"id":4,"name":"goalSlot","value":1.0,"l":[],"type":1},{"id":5,"name":"occupiedNodes","value":[8.0],"l":[],"type":1}],"type":1},{"id":0,"name":"goal","value":"","l":[{"id":1,"name":"initialTag","value":133.0,"l":[],"type":1},{"id":2,"name":"goalAction","value":3.0,"l":[],"type":1},{"id":3,"name":"goalTag","value":92.0,"l":[],"type":1},{"id":4,"name":"goalSlot","value":1.0,"l":[],"type":1},{"id":5,"name":"occupiedNodes","value":[2.0,3.0,3.0],"l":[],"type":1}],"type":1},{"id":0,"name":"goal","value":"","l":[{"id":1,"name":"initialTag","value":133.0,"l":[],"type":1},{"id":2,"name":"goalAction","value":3.0,"l":[],"type":1},{"id":3,"name":"goalTag","value":92.0,"l":[],"type":1},{"id":4,"name":"goalSlot","value":1.0,"l":[],"type":1},{"id":5,"name":"occupiedNodes","value":[3.0,5.0,13.0],"l":[],"type":1}],"type":1},{"id":0,"name":"goal","value":"","l":[{"id":1,"name":"initialTag","value":133.0,"l":[],"type":1},{"id":2,"name":"goalAction","value":3.0,"l":[],"type":1},{"id":3,"name":"goalTag","value":92.0,"l":[],"type":1},{"id":4,"name":"goalSlot","value":1.0,"l":[],"type":1},{"id":5,"name":"occupiedNodes","value":[3.0,4.0,5.0],"l":[],"type":1}],"type":1},{"id":0,"name":"goal","value":"","l":[{"id":1,"name":"initialNode","value":15.0,"l":[],"type":1},{"id":2,"name":"goalAction","value":2.0,"l":[],"type":1},{"id":3,"name":"goalTag","value":133.0,"l":[],"type":1},{"id":4,"name":"goalSlot","value":1.0,"l":[],"type":1}],"type":1},{"id":0,"name":"goal","value":"","l":[{"id":1,"name":"initialNode","value":15.0,"l":[],"type":1},{"id":2,"name":"goalAction","value":2.0,"l":[],"type":1},{"id":3,"name":"goalTag","value":133.0,"l":[],"type":1},{"id":4,"name":"goalSlot","value":1.0,"l":[],"type":1},{"id":5,"name":"occupiedNodes","value":[11.0],"l":[],"type":1}],"type":1},{"id":0,"name":"goal","value":"","l":[{"id":1,"name":"initialNode","value":15.0,"l":[],"type":1},{"id":2,"name":"goalAction","value":2.0,"l":[],"type":1},{"id":3,"name":"goalTag","value":133.0,"l":[],"type":1},{"id":4,"name":"goalSlot","value":1.0,"l":[],"type":1},{"id":5,"name":"occupiedNodes","value":[10.0,16.0,16.0],"l":[],"type":1}],"type":1},{"id":0,"name":"goal","value":"","l":[{"id":1,"name":"initialNode","value":15.0,"l":[],"type":1},{"id":2,"name":"goalAction","value":2.0,"l":[],"type":1},{"id":3,"name":"goalTag","value":133.0,"l":[],"type":1},{"id":4,"name":"goalSlot","value":1.0,"l":[],"type":1},{"id":5,"name":"occupiedNodes","value":[2.0,14.0,16.0],"l":[],"type":1}],"type":1},{"id":0,"name":"goal","value":"","l":[{"id":1,"name":"initialNode","value":15.0,"l":[],"type":1},{"id":2,"name":"goalAction","value":2.0,"l":[],"type":1},{"id":3,"name":"goalTag","value":133.0,"l":[],"type":1},{"id":4,"name":"goalSlot","value":1.0,"l":[],"type":1},{"id":5,"name":"occupiedNodes","value":[1.0,2.0,11.0],"l":[],"type":1}],"type":1},{"id":0,"name":"goal","value":"","l":[{"id":1,"name":"initialTag","value":133.0,"l":[],"type":1},{"id":2,"name":"goalAction","value":3.0,"l":[],"type":1},{"id":3,"name":"goalTag","value":92.0,"l":[],"type":1},{"id":4,"name":"goalSlot","value":1.0,"l":[],"type":1}],"type":1},{"id":0,"name":"goal","value":"","l":[{"id":1,"name":"initialTag","value":133.0,"l":[],"type":1},{"id":2,"name":"goalAction","value":3.0,"l":[],"type":1},{"id":3,"name":"goalTag","value":92.0,"l":[],"type":1},{"id":4,"name":"goalSlot","value":1.0,"l":[],"type":1},{"id":5,"name":"occupiedNodes","value":[8.0],"l":[],"type":1}],"type":1},{"id":0,"name":"goal","value":"","l":[{"id":1,"name":"initialTag","value":133.0,"l":[],"type":1},{"id":2,"name":"goalAction","value":3.0,"l":[],"type":1},{"id":3,"name":"goalTag","value":92.0,"l":[],"type":1},{"id":4,"name":"goalSlot","value":1.0,"l":[],"type":1},{"id":5,"name":"occupiedNodes","value":[10.0,11.0,16.0],"l":[],"type":1}],"type":1},{"id":0,"name":"goal","value":"","l":[{"id":1,"name":"initialTag","value":133.0,"l":[],"type":1},{"id":2,"name":"goalAction","value":3.0,"l":[],"type":1},{"id":3,"name":"goalTag","value":92.0,"l":[],"type":1},{"id":4,"name":"goalSlot","value":1.0,"l":[],"type":1},{"id":5,"name":"occupiedNodes","value":[2.0,11.0,16.0],"l":[],"type":1}],"type":1},{"id":0,"name":"goal","value":"","l":[{"id":1,"name":"initialTag","value":133.0,"l":[],"type":1},{"id":2,"name":"goalAction","value":3.0,"l":[],"type":1},{"id":3,"name":"goalTag","value":92.0,"l":[],"type":1},{"id":4,"name":"goalSlot","value":1.0,"l":[],"type":1},{"id":5,"name":"occupiedNodes","value":[2.0,11.0,12.0],"l":[],"type":1}],"type":1},{"id":0,"name":"goal","value":"","l":[{"id":1,"name":"initialNode","value":16.0,"l":[],"type":1},{"id":2,"name":"goalAction","value":2.0,"l":[],"type":1},{"id":3,"name":"goalTag","value":133.0,"l":[],"type":1},{"id":4,"name":"goalSlot","value":1.0,"l":[],"type":1}],"type":1},{"id":0,"name":"goal","value":"","l":[{"id":1,"name":"initialNode","value":16.0,"l":[],"type":1},{"id":2,"name":"goalAction","value":2.0,"l":[],"type":1},{"id":3,"name":"goalTag","value":133.0,"l":[],"type":1},{"id":4,"name":"goalSlot","value":1.0,"l":[],"type":1},{"id":5,"name":"occupiedNodes","value":[9.0],"l":[],"type":1}],"type":1},{"id":0,"name":"goal","value":"","l":[{"id":1,"name":"initialNode","value":16.0,"l":[],"type":1},{"id":2,"name":"goalAction","value":2.0,"l":[],"type":1},{"id":3,"name":"goalTag","value":133.0,"l":[],"type":1},{"id":4,"name":"goalSlot","value":1.0,"l":[],"type":1},{"id":5,"name":"occupiedNodes","value":[8.0,9.0,10.0],"l":[],"type":1}],"type":1},{"id":0,"name":"goal","value":"","l":[{"id":1,"name":"initialNode","value":16.0,"l":[],"type":1},{"id":2,"name":"goalAction","value":2.0,"l":[],"type":1},{"id":3,"name":"goalTag","value":133.0,"l":[],"type":1},{"id":4,"name":"goalSlot","value":1.0,"l":[],"type":1},{"id":5,"name":"occupiedNodes","value":[1.0,15.0],"l":[],"type":1}],"type":1},{"id":0,"name":"goal","value":"","l":[{"id":1,"name":"initialNode","value":16.0,"l":[],"type":1},{"id":2,"name":"goalAction","value":2.0,"l":[],"type":1},{"id":3,"name":"goalTag","value":133.0,"l":[],"type":1},{"id":4,"name":"goalSlot","value":1.0,"l":[],"type":1},{"id":5,"name":"occupiedNodes","value":[1.0,2.0,10.0],"l":[],"type":1}],"type":1},{"id":0,"name":"goal","value":"","l":[{"id":1,"name":"initialTag","value":133.0,"l":[],"type":1},{"id":2,"name":"goalAction","value":3.0,"l":[],"type":1},{"id":3,"name":"goalTag","value":92.0,"l":[],"type":1},{"id":4,"name":"goalSlot","value":1.0,"l":[],"type":1}],"type":1},{"id":0,"name":"goal","value":"","l":[{"id":1,"name":"initialTag","value":133.0,"l":[],"type":1},{"id":2,"name":"goalAction","value":3.0,"l":[],"type":1},{"id":3,"name":"goalTag","value":92.0,"l":[],"type":1},{"id":4,"name":"goalSlot","value":1.0,"l":[],"type":1},{"id":5,"name":"occupiedNodes","value":[8.0],"l":[],"type":1}],"type":1},{"id":0,"name":"goal","value":"","l":[{"id":1,"name":"initialTag","value":133.0,"l":[],"type":1},{"id":2,"name":"goalAction","value":3.0,"l":[],"type":1},{"id":3,"name":"goalTag","value":92.0,"l":[],"type":1},{"id":4,"name":"goalSlot","value":1.0,"l":[],"type":1},{"id":5,"name":"occupiedNodes","value":[9.0,10.0,10.0],"l":[],"type":1}],"type":1},{"id":0,"name":"goal","value":"","l":[{"id":1,"name":"initialTag","value":133.0,"l":[],"type":1},{"id":2,"name":"goalAction","value":3.0,"l":[],"type":1},{"id":3,"name":"goalTag","value":92.0,"l":[],"type":1},{"id":4,"name":"goalSlot","value":1.0,"l":[],"type":1},{"id":5,"name":"occupiedNodes","value":[1.0,10.0],"l":[],"type":1}],"type":1},{"id":0,"name":"goal","value":"","l":[{"id":1,"name":"initialTag","value":133.0,"l":[],"type":1},{"id":2,"name":"goalAction","value":3.0,"l":[],"type":1},{"id":3,"name":"goalTag","value":92.0,"l":[],"type":1},{"id":4,"name":"goalSlot","value":1.0,"l":[],"type":1},{"id":5,"name":"occupiedNodes","value":[1.0,10.0,11.0],"l":[],"type":1}],"type":1},{"id":0,"name":"goal","value":"","l":[{"id":1,"name":"initialNode","value":2.0,"l":[],"type":1},{"id":2,"name":"goalAction","value":2.0,"l":[],"type":1},{"id":3,"name":"goalTag","value":133.0,"l":[],"type":1},{"id":4,"name":"goalSlot","value":1.0,"l":[],"type":1}],"type":1},{"id":0,"name":"goal","value":"","l":[{"id":1,"name":"initialNode","value":2.0,"l":[],"type":1},{"id":2,"name":"goalAction","value":2.0,"l":[],"type":1},{"id":3,"name":"goalTag","value":133.0,"l":[],"type":1},{"id":4,"name":"goalSlot","value":1.0,"l":[],"type":1},{"id":5,"name":"occupiedNodes","value":[15.0],"l":[],"type":1}],"type":1},{"id":0,"name":"goal","value":"","l":[{"id":1,"name":"initialNode","value":2.0,"l":[],"type":1},{"id":2,"name":"goalAction","value":2.0,"l":[],"type":1},{"id":3,"name":"goalTag","value":133.0,"l":[],"type":1},{"id":4,"name":"goalSlot","value":1.0,"l":[],"type":1},{"id":5,"name":"occupiedNodes","value":[1.0,1.0,16.0],"l":[],"type":1}],"type":1},{"id":0,"name":"goal","value":"","l":[{"id":1,"name":"initialNode","value":2.0,"l":[],"type":1},{"id":2,"name":"goalAction","value":2.0,"l":[],"type":1},{"id":3,"name":"goalTag","value":133.0,"l":[],"type":1},{"id":4,"name":"goalSlot","value":1.0,"l":[],"type":1},{"id":5,"name":"occupiedNodes","value":[3.0,15.0],"l":[],"type":1}],"type":1},{"id":0,"name":"goal","value":"","l":[{"id":1,"name":"initialNode","value":2.0,"l":[],"type":1},{"id":2,"name":"goalAction","value":2.0,"l":[],"type":1},{"id":3,"name":"goalTag","value":133.0,"l":[],"type":1},{"id":4,"name":"goalSlot","value":1.0,"l":[],"type":1},{"id":5,"name":"occupiedNodes","value":[1.0,3.0,4.0],"l":[],"type":1}],"type":1},{"id":0,"name":"goal","value":"","l":[{"id":1,"name":"initialTag","value":133.0,"l":[],"type":1},{"id":2,"name":"goalAction","value":3.0,"l":[],"type":1},{"id":3,"name":"goalTag","value":92.0,"l":[],"type":1},{"id":4,"name":"goalSlot","value":1.0,"l":[],"type":1}],"type":1},{"id":0,"name":"goal","value":"","l":[{"id":1,"name":"initialTag","value":133.0,"l":[],"type":1},{"id":2,"name":"goalAction","value":3.0,"l":[],"type":1},{"id":3,"name":"goalTag","value":92.0,"l":[],"type":1},{"id":4,"name":"goalSlot","value":1.0,"l":[],"type":1},{"id":5,"name":"occupiedNodes","value":[8.0],"l":[],"type":1}],"type":1},{"id":0,"name":"goal","value":"","l":[{"id":1,"name":"initialTag","value":133.0,"l":[],"type":1},{"id":2,"name":"goalAction","value":3.0,"l":[],"type":1},{"id":3,"name":"goalTag","value":92.0,"l":[],"type":1},{"id":4,"name":"goalSlot","value":1.0,"l":[],"type":1},{"id":5,"name":"occupiedNodes","value":[3.0,3.0,4.0],"l":[],"type":1}],"type":1},{"id":0,"name":"goal","value":"","l":[{"id":1,"name":"initialTag","value":133.0,"l":[],"type":1},{"id":2,"name":"goalAction","value":3.0,"l":[],"type":1},{"id":3,"name":"goalTag","value":92.0,"l":[],"type":1},{"id":4,"name":"goalSlot","value":1.0,"l":[],"type":1},{"id":5,"name":"occupiedNodes","value":[1.0,15.0],"l":[],"type":1}],"type":1},{"id":0,"name":"goal","value":"","l":[{"id":1,"name":"initialTag","value":133.0,"l":[],"type":1},{"id":2,"name":"goalAction","value":3.0,"l":[],"type":1},{"id":3,"name":"goalTag","value":92.0,"l":[],"type":1},{"id":4,"name":"goalSlot","value":1.0,"l":[],"type":1},{"id":5,"name":"occupiedNodes","value":[1.0,3.0,14.0],"l":[],"type":1}],"type":1},{"id":0,"name":"goal","value":"","l":[{"id":1,"name":"initialNode","value":3.0,"l":[],"type":1},{"id":2,"name":"goalAction","value":2.0,"l":[],"type":1},{"id":3,"name":"goalTag","value":133.0,"l":[],"type":1},{"id":4,"name":"goalSlot","value":1.0,"l":[],"type":1}],"type":1},{"id":0,"name":"goal","value":"","l":[{"id":1,"name":"initialNode","value":3.0,"l":[],"type":1},{"id":2,"name":"goalAction","value":2.0,"l":[],"type":1},{"id":3,"name":"goalTag","value":133.0,"l":[],"type":1},{"id":4,"name":"goalSlot","value":1.0,"l":[],"type":1},{"id":5,"name":"occupiedNodes","value":[14.0],"l":[],"type":1}],"type":1},{"id":0,"name":"goal","value":"","l":[{"id":1,"name":"initialNode","value":3.0,"l":[],"type":1},{"id":2,"name":"goalAction","value":2.0,"l":[],"type":1},{"id":3,"name":"goalTag","value":133.0,"l":[],"type":1},{"id":4,"name":"goalSlot","value":1.0,"l":[],"type":1},{"id":5,"name":"occupiedNodes","value":[4.0,5.0,6.0],"l":[],"type":1}],"type":1},{"id":0,"name":"goal","value":"","l":[{"id":1,"name":"initialNode","value":3.0,"l":[],"type":1},{"id":2,"name":"goalAction","value":2.0,"l":[],"type":1},{"id":3,"name":"goalTag","value":133.0,"l":[],"type":1},{"id":4,"name":"goalSlot","value":1.0,"l":[],"type":1},{"id":5,"name":"occupiedNodes","value":[4.0,14.0],"l":[],"type":1}],"type":1},{"id":0,"name":"goal","value":"","l":[{"id":1,"name":"initialNode","value":3.0,"l":[],"type":1},{"id":2,"name":"goalAction","value":2.0,"l":[],"type":1},{"id":3,"name":"goalTag","value":133.0,"l":[],"type":1},{"id":4,"name":"goalSlot","value":1.0,"l":[],"type":1},{"id":5,"name":"occupiedNodes","value":[1.0,2.0,4.0],"l":[],"type":1}],"type":1},{"id":0,"name":"goal","value":"","l":[{"id":1,"name":"initialTag","value":133.0,"l":[],"type":1},{"id":2,"name":"goalAction","value":3.0,"l":[],"type":1},{"id":3,"name":"goalTag","value":92.0,"l":[],"type":1},{"id":4,"name":"goalSlot","value":1.0,"l":[],"type":1}],"type":1},{"id":0,"name":"goal","value":"","l":[{"id":1,"name":"initialTag","value":133.0,"l":[],"type":1},{"id":2,"name":"goalAction","value":3.0,"l":[],"type":1},{"id":3,"name":"goalTag","value":92.0,"l":[],"type":1},{"id":4,"name":"goalSlot","value":1.0,"l":[],"type":1},{"id":5,"name":"occupiedNodes","value":[8.0],"l":[],"type":1}],"type":1},{"id":0,"name":"goal","value":"","l":[{"id":1,"name":"initialTag","value":133.0,"l":[],"type":1},{"id":2,"name":"goalAction","value":3.0,"l":[],"type":1},{"id":3,"name":"goalTag","value":92.0,"l":[],"type":1},{"id":4,"name":"goalSlot","value":1.0,"l":[],"type":1},{"id":5,"name":"occupiedNodes","value":[2.0,11.0,15.0],"l":[],"type":1}],"type":1},{"id":0,"name":"goal","value":"","l":[{"id":1,"name":"initialTag","value":133.0,"l":[],"type":1},{"id":2,"name":"goalAction","value":3.0,"l":[],"type":1},{"id":3,"name":"goalTag","value":92.0,"l":[],"type":1},{"id":4,"name":"goalSlot","value":1.0,"l":[],"type":1},{"id":5,"name":"occupiedNodes","value":[2.0,4.0],"l":[],"type":1}],"type":1},{"id":0,"name":"goal","value":"","l":[{"id":1,"name":"initialTag","value":133.0,"l":[],"type":1},{"id":2,"name":"goalAction","value":3.0,"l":[],"type":1},{"id":3,"name":"goalTag","value":92.0,"l":[],"type":1},{"id":4,"name":"goalSlot","value":1.0,"l":[],"type":1},{"id":5,"name":"occupiedNodes","value":[2.0,4.0,5.0],"l":[],"type":1}],"type":1},{"id":0,"name":"goal","value":"","l":[{"id":1,"name":"initialNode","value":4.0,"l":[],"type":1},{"id":2,"name":"goalAction","value":2.0,"l":[],"type":1},{"id":3,"name":"goalTag","value":133.0,"l":[],"type":1},{"id":4,"name":"goalSlot","value":1.0,"l":[],"type":1}],"type":1},{"id":0,"name":"goal","value":"","l":[{"id":1,"name":"initialNode","value":4.0,"l":[],"type":1},{"id":2,"name":"goalAction","value":2.0,"l":[],"type":1},{"id":3,"name":"goalTag","value":133.0,"l":[],"type":1},{"id":4,"name":"goalSlot","value":1.0,"l":[],"type":1},{"id":5,"name":"occupiedNodes","value":[6.0,13.0],"l":[],"type":1}],"type":1}]